fsq_place_id,name,latitude,longitude,distance,primary_category,primary_category_id,categories,category_ids,address,LocNombre
4ecab8ff2da5cc0a1f417e9d,Juan Valdez Café,4.643856347483542,-74.09120349189875,673,Coffee Shop,4bf58dd8d48988d1e0931735,Coffee Shop,4bf58dd8d48988d1e0931735,"Calle 44 #50-96 (Cra 53), Bogotá, Bogotá D.C.",TEUSAQUILLO
59a02aafd3cce839e5c436d7,Tostao',4.630837609319192,-74.09302988978888,1404,Coffee Shop,4bf58dd8d48988d1e0931735,"Coffee Shop, Bakery","4bf58dd8d48988d1e0931735, 4bf58dd8d48988d16a941735","Av Calle 24 #40-11 (Expoferias Carrera 40), Bogotá, Bogotá D.C.",TEUSAQUILLO
5206d369498e22afdc47c1a9,Café Oma,4.647468494672552,-74.10169154405594,1899,Coffee Shop,4bf58dd8d48988d1e0931735,Coffee Shop,4bf58dd8d48988d1e0931735,"Centro Comercial Gran Estación, Bogotá, Bogotá D.C.",TEUSAQUILLO
5092c63ee4b083652fa524aa,Juan Valdez Cafè,4.6456318192582415,-74.10027393730162,1683,Coffee Shop,4bf58dd8d48988d1e0931735,Coffee Shop,4bf58dd8d48988d1e0931735,"Ciudad Empresarial Luis Carlos Sarmiento, Bogotá, Bogotá D.C.",TEUSAQUILLO
6274480f4fd63423141a28c6,Juan Valdez Café,4.649325,-74.07812,1237,Coffee Shop,4bf58dd8d48988d1e0931735,Coffee Shop,4bf58dd8d48988d1e0931735,"Bogotá, Bogotá D.C.",TEUSAQUILLO
4ecab8ff2da5cc0a1f417efa,Juan Valdez Café,4.647146212654197,-74.10180618702489,1898,Coffee Shop,4bf58dd8d48988d1e0931735,Coffee Shop,4bf58dd8d48988d1e0931735,"Av. Calle 26 #62-47 C.C. Gran Estación - Isla 106A (Isla 106A), Bogotá, Bogotá D.C.",TEUSAQUILLO
4dbb8d44f7b1ab37dd48b176,Galería Café Libro 45,4.634122832714313,-74.06908305661254,2005,Café,4bf58dd8d48988d16d941735,Café,4bf58dd8d48988d16d941735,"Trasversal 15B # 46-35, Bogotá, Bogotá D.C.",TEUSAQUILLO
5648acb638fa1680cf213ce2,Tempo Cycling,4.6444803613306735,-74.07285969648115,1473,Coffee Shop,4bf58dd8d48988d1e0931735,Coffee Shop,4bf58dd8d48988d1e0931735,"Transversal 24 No 53D - 53, Bogotá, Bogotá D.C.",TEUSAQUILLO
4fc79be2e4b06e4ecfe33c3d,Café Camerino,4.627278466831845,-74.07388651644452,2028,Coffee Shop,4bf58dd8d48988d1e0931735,Coffee Shop,4bf58dd8d48988d1e0931735,cra 20 #37-80,TEUSAQUILLO
58488ce044587f1b47c3229d,Vereda Central ParkWay,4.6258426,-74.07336,2188,Café,4bf58dd8d48988d16d941735,Café,4bf58dd8d48988d16d941735,"Carrera 19 # 36 - 55, Bogotá, Bogotá D.C.",TEUSAQUILLO
503525b6e4b0cb8fd9752503,Juan Valdez Café,4.63943416683974,-74.09801038455434,1372,Coffee Shop,4bf58dd8d48988d1e0931735,Coffee Shop,4bf58dd8d48988d1e0931735,"Av Calle 24 # 51 - 40 (Capital Towers), Bogotá, Bogotá D.C.",TEUSAQUILLO
503a417fe4b0e2a7db60e35a,Juan Valdez Café,4.647996745764638,-74.10172308518186,1924,Coffee Shop,4bf58dd8d48988d1e0931735,Coffee Shop,4bf58dd8d48988d1e0931735,"Éxito Gran Estación C.C., Bogotá, Bogotá D.C.",TEUSAQUILLO
5df66e166a4f1100087f5e69,Juan Valdez Café,4.625765579727324,-74.07489091157913,2093,Coffee Shop,4bf58dd8d48988d1e0931735,Coffee Shop,4bf58dd8d48988d1e0931735,"Calle 36 # 21-10 (Park Way), Bogotá, Bogotá D.C.",TEUSAQUILLO
4c0816b7bbc676b079fd45d5,Juan Valdez Café,4.642926143150889,-74.07455629111593,1254,Café,4bf58dd8d48988d16d941735,Café,4bf58dd8d48988d16d941735,"C.C. Galerías (Cll 53B #21-21), Bogotá, Bogotá D.C.",TEUSAQUILLO
4ffb4cbb1648574e01f244a4,Café Oma Colsubsidio Calle 26,4.622849373216129,-74.07745459953217,2234,Café,4bf58dd8d48988d16d941735,Café,4bf58dd8d48988d16d941735,"Calle  26 No. 25-50, Bogotá, Bogotá D.C.",TEUSAQUILLO
4cd87e2a5e1b721ef1623ad9,Oma Parkway,4.632093358383149,-74.07527384765095,1538,Café,4bf58dd8d48988d16d941735,Café,4bf58dd8d48988d16d941735,"Cra. 24 (Cll. 41), Bogotá, Bogotá D.C.",TEUSAQUILLO
5092c74de4b0c953ec434cb0,Juan Valdez Café,4.645648625522904,-74.10024598255427,1681,Coffee Shop,4bf58dd8d48988d1e0931735,Coffee Shop,4bf58dd8d48988d1e0931735,Plazoleta Avianca,TEUSAQUILLO
4c2cdb87d1a10f47b41ffa64,Juan Valdez Café,4.646464635952166,-74.10281538963318,1979,Coffee Shop,4bf58dd8d48988d1e0931735,Coffee Shop,4bf58dd8d48988d1e0931735,"Av. Esperanza #62-49, Bogotá, Bogotá D.C.",TEUSAQUILLO
4d5aa261d0332c0f5e1d73da,Canela Bakery C&T,4.638007303433592,-74.0847373008728,370,Café,4bf58dd8d48988d16d941735,"Café, Bakery","4bf58dd8d48988d16d941735, 4bf58dd8d48988d16a941735","4.637981,-74.084769, Bogotá, Bogotá D.C.",TEUSAQUILLO
51a373e2498ea7255b76cbd2,Cafetería Donde Johny,4.638137,-74.083307,433,Coffee Shop,4bf58dd8d48988d1e0931735,Coffee Shop,4bf58dd8d48988d1e0931735,Plaza de la Esfera,TEUSAQUILLO
519100ba498e6e9d07e3aca5,Masitas Gourmet,4.645254,-74.087187,479,Coffee Shop,4bf58dd8d48988d1e0931735,Coffee Shop,4bf58dd8d48988d1e0931735,,TEUSAQUILLO
58bedae251d19e565aff0b8a,Canela,4.637139,-74.083122,535,Café,4bf58dd8d48988d16d941735,Café,4bf58dd8d48988d16d941735,"Facultad de Ingeniería (Universidad Nacional de Colombia), Bogotá, Bogotá D.C.",TEUSAQUILLO
58aee46c01f4331f8f62565e,Canela,4.637077,-74.083,548,Café,4bf58dd8d48988d16d941735,Café,4bf58dd8d48988d16d941735,"Avenida Carrera 30 # 45-03 (Avenida Carrera 30 # 45-03), Bogotá, Bogotá D.C.",TEUSAQUILLO
584dac757d0f6d7885d03ae5,Café Hall,4.6423,-74.079796,670,Coffee Shop,4bf58dd8d48988d1e0931735,Coffee Shop,4bf58dd8d48988d1e0931735,El cubo,TEUSAQUILLO
5119b434e4b0665cf5878a44,Mas K Ché,4.648926258087158,-74.08692169189453,870,Coffee Shop,4bf58dd8d48988d1e0931735,Coffee Shop,4bf58dd8d48988d1e0931735,,TEUSAQUILLO
4cf69d8964e3721ead3d22c8,"Cafe Espresso ""El Jardin""",4.646172,-74.092574,937,Café,4bf58dd8d48988d16d941735,Café,4bf58dd8d48988d16d941735,"Calle 44 con 54 (Min Defensa), Bogotá, Bogotá D.C.",TEUSAQUILLO
4f10cadee4b045626675d02b,Oma Clínica Palermo,4.636520137532428,-74.073494720234,1452,Café,4bf58dd8d48988d16d941735,"Café, Coffee Shop","4bf58dd8d48988d16d941735, 4bf58dd8d48988d1e0931735","Cra 22 # 45C Bis Esquina, Bogotá, Bogotá D.C.",TEUSAQUILLO
57882949498e2228c72e5a23,Cocoas Caffee,4.639916,-74.076223,1064,Coffee Shop,4bf58dd8d48988d1e0931735,Coffee Shop,4bf58dd8d48988d1e0931735,,TEUSAQUILLO
60e5c82cf70d5b449f18fdac,Erase Una Vez Cafe De,4.631747,-74.088607,1095,Café,4bf58dd8d48988d16d941735,Café,4bf58dd8d48988d16d941735,"Cra 38, Bogotá, Bogotá D.C.",TEUSAQUILLO
4f6bc2cee4b01d94fb15ffd0,Industrial Project Cafe,4.632203167558952,-74.09126481684463,1170,Café,4bf58dd8d48988d16d941735,Café,4bf58dd8d48988d16d941735,,TEUSAQUILLO
4ca24c83d5a2a14316a53f90,F & W Cafe,4.650294227405186,-74.09173164044968,1210,Café,4bf58dd8d48988d16d941735,Café,4bf58dd8d48988d16d941735,"Calle 53 # 58 - 05, Bogotá, Bogotá D.C.",TEUSAQUILLO
56d86554cd10f606ccb8053e,san francisco cafe galerias,4.640856,-74.074726,1221,Café,4bf58dd8d48988d16d941735,Café,4bf58dd8d48988d16d941735,,TEUSAQUILLO
540f4c93498e2395498dbfe6,Cafè dessert,4.630271493358623,-74.08292688027464,1252,Café,4bf58dd8d48988d16d941735,Café,4bf58dd8d48988d16d941735,,TEUSAQUILLO
50140316e4b0dbe1583dec1a,Panaderia La Isabella,4.630891030419119,-74.08098805699468,1259,Coffee Shop,4bf58dd8d48988d1e0931735,"Coffee Shop, Bakery","4bf58dd8d48988d1e0931735, 4bf58dd8d48988d16a941735","Bogotá, Bogotá D.C.",TEUSAQUILLO
57dc35b7498eefe0328dc110,Tostao',4.639631,-74.07446,1261,Coffee Shop,4bf58dd8d48988d1e0931735,"Coffee Shop, Bakery","4bf58dd8d48988d1e0931735, 4bf58dd8d48988d16a941735","Carrera 24 # 50 - 81, Bogotá, Bogotá D.C.",TEUSAQUILLO
5679ce1d498e38ab1d13fd3a,OPO Tienda De Café,4.6423216,-74.07428,1276,Café,4bf58dd8d48988d16d941735,Café,4bf58dd8d48988d16d941735,,TEUSAQUILLO
57dc2388498e32d8e616c982,Amarela Café,4.640053,-74.074165,1288,Café,4bf58dd8d48988d16d941735,Café,4bf58dd8d48988d16d941735,"Bogotá, Bogotá D.C.",TEUSAQUILLO
59075baff8cbd41891ad06a0,Un Break Cafe,4.630346,-74.090207,1301,Coffee Shop,4bf58dd8d48988d1e0931735,Coffee Shop,4bf58dd8d48988d1e0931735,"Bogotá, Bogotá D.C.",TEUSAQUILLO
68d57e03f2967577297a42c4,Cafetería,4.6378884,-74.09718,1318,Coffee Shop,4bf58dd8d48988d1e0931735,Coffee Shop,4bf58dd8d48988d1e0931735,"Bogotá, Bogotá D.C.",TEUSAQUILLO
4ce6cd16948f224bbf22e65d,Esta boca es tuya,4.634919243283906,-74.07540092229443,1340,Café,4bf58dd8d48988d16d941735,Café,4bf58dd8d48988d16d941735,"Carrera 24 (Carrera 45 B), Bogotá, Bogotá D.C.",TEUSAQUILLO
5547c2f6498ef91e87128d6f,Bon Voyage,4.632359065458922,-74.0943586487911,1368,Coffee Shop,4bf58dd8d48988d1e0931735,"Coffee Shop, Café","4bf58dd8d48988d1e0931735, 4bf58dd8d48988d16d941735","Bogotá, Bogotá D.C.",TEUSAQUILLO
5a6286c386bc491ad5993b4b,Umbi Café,4.642114,-74.07308,1406,Café,4bf58dd8d48988d16d941735,Café,4bf58dd8d48988d16d941735,"Bogotá, Bogotá D.C.",TEUSAQUILLO
57dd97cb498e856bfaa8f0a3,We Love Anime Café,4.640462,-74.07295,1419,Café,4bf58dd8d48988d16d941735,Café,4bf58dd8d48988d16d941735,,TEUSAQUILLO
5c4ceec51af852002ca2e044,Cantera Café Work,4.632469,-74.07592,1456,Café,4bf58dd8d48988d16d941735,"Café, Coworking Space","4bf58dd8d48988d16d941735, 4bf58dd8d48988d174941735","Carrera 25 (# 41 - 94), Bogotá, Bogotá D.C.",TEUSAQUILLO
5a299b08898bdc04b452aa88,Dr. Bike,4.654406,-74.087234,1478,Bicycle Store,4bf58dd8d48988d115951735,"Bicycle Store, Café","4bf58dd8d48988d115951735, 4bf58dd8d48988d16d941735","Calle 60 (57 - 40), Bogotá, Bogotá D.C.",TEUSAQUILLO
4f2c46a1e4b07364f6fc2a29,Vasconia,4.634198562347695,-74.09726666985006,1493,Bakery,4bf58dd8d48988d16a941735,"Bakery, Café, Coffee Shop","4bf58dd8d48988d16a941735, 4bf58dd8d48988d16d941735, 4bf58dd8d48988d1e0931735","Carrera 44 No. 22B-09 (Calle 22 Carrera 48), Bogotá, Bogotá D.C.",TEUSAQUILLO
